,num_sampels,dates
FakePlayer,6,2010-08
GPSSMSSpy,6,2010-08
TapSnake,2,2010-08
SMSReplicator,1,2010-11
Geinimi,69,2010-12
ADRD,22,2011-02
Pjapps,58,2011-02
BgServ,9,2011-03
DroidDream,16,2011-03
Walkinwat,1,2011-03
zHash,11,2011-03
DroidDreamLight,46,2011-05
Endofday,1,2011-05
Zsone,12,2011-05
BaseBridge,122,2011-06
DroidKungFu1,34,2011-06
GGTracker,1,2011-06
jSMSHider,16,2011-06
Plankton,11,2011-06
YZHC,22,2011-06
Crusewin,2,2011-07
DroidKungFu2,30,2011-07
GamblerSMS,1,2011-07
GoldDream,47,2011-07
HippoSMS,4,2011-07
Lovetrap,1,2011-07
Nickyspy,2,2011-07
SndApps,10,2011-07
Zitmo,1,2011-07
CoinPirate,1,2011-08
DogWars,1,2011-08
DroidKungFu3,309,2011-08
GingerMaster,4,2011-08
NickyBot,1,2011-08
RogueSPPush,9,2011-08
AnserverBot,187,2011-09
Asroot,8,2011-09
DroidCoupon,1,2011-09
DroidDeluxe,1,2011-09
Gone60,9,2011-09
Spitmo,1,2011-09
BeanBot,8,2011-10
DroidKungFu4,96,2011-10
DroidKungFuSapp,3,2011-10
DroidKungFuUpdate,1,2011-10
FakeNetflix,1,2011-10
Jifake,1,2011-10
KMin,52,2011-10
RogueLemon,2,2011-10
